arquivo,cor_fundo,ruido_std,snr_fundo,psnr_estimado,diametro_px,diametro_medido_mm,erro_dimensional_relativo,lab_l,lab_a,lab_b,bgr_b,bgr_g,bgr_r,moeda_detectada,delta_e
20260908_085924.jpg,azul,3.7629866000085803,41.410867406313066,36.62014986596717,161.96073938036287,26.903777305708118,0.3563803492291918,56.0488,135.882,141.7308,32.0576,48.188,69.9168,True,9.507008351213647
20260908_085927.jpg,azul,3.721096303360231,41.842992678965985,36.717385097628025,164.08511027198583,27.256662835878046,0.9506030958446158,58.0536,136.3076,142.1384,33.1744,49.5268,72.364,True,8.264636300328814
20260908_085929.jpg,azul,3.114278291917113,49.86205899413299,38.26365479044776,163.5566043756282,27.16887115874223,0.6254487360823375,77.1228,135.3188,140.602,53.028,67.51,87.326,True,13.78472756160316
20260908_085932.jpg,azul,2.782003162252687,56.05136393883451,39.24365066132208,161.05809276434846,26.753836007366857,0.9117184912338627,59.812,136.0352,140.3264,37.5224,51.464,72.8824,True,6.550222871691767
20260908_085934.jpg,azul,3.005247721835716,51.73360859667645,38.573197595766395,161.3897808618849,26.808933697987527,0.7076529704165666,54.3684,135.6772,139.946,33.3424,46.9644,67.4708,True,10.720058552462657
20260908_085936.jpg,azul,3.063463519903212,50.81875949768966,38.40654888457249,162.84274622530546,27.05029007064875,0.1862595209212943,59.012,135.5528,140.4516,36.8876,51.328,71.5244,True,6.7696472834833274
20260908_085941.jpg,azul,3.3686227025067885,46.39931118697858,37.581755801798735,160.78908220351119,26.70914986769289,1.0772227122485556,40.4512,132.778,132.0764,33.6588,37.0428,48.5172,True,24.92232444927427
20260908_085944.jpg,azul,3.6011235056867843,43.32560867160458,37.002042946228464,161.2319192494396,26.782710838777348,0.804774671195008,40.2852,132.9572,132.6352,32.7348,36.8488,48.7324,True,24.92290129875776
20260908_085946.jpg,azul,3.431522547829962,45.18985778464927,37.42106610194402,161.4725964276498,26.822690436486678,0.6567020870863792,75.446,134.2848,139.552,53.2672,67.0416,83.9384,True,11.869623641057407
20260908_085949.jpg,azul,3.5487676468964486,43.66600436400437,37.12925196086879,161.60264942773347,26.84429392487267,0.576689167138261,65.4924,135.1284,140.6664,42.4892,57.3948,76.7108,True,4.397823349600169
20260908_090813.jpg,branco,2.3862144459838937,69.5685436169345,40.57661343460768,160.72968102586543,26.69928256243612,1.113768287273626,77.0488,131.036,138.0628,57.1544,70.3408,81.9708,True,13.14967199437852
20260908_090816.jpg,branco,2.5876331456156185,63.79009170369951,39.872748850344195,159.53701294450732,26.501164940948062,1.8475372557479193,42.8916,129.5764,128.1544,41.3396,40.5868,44.5872,True,24.25320683892882
20260908_090819.jpg,branco,2.6449515054234296,62.605777606136705,39.68244871278483,158.9012693833596,26.395559698232493,2.238667784324101,44.2024,130.7472,129.8056,40.1404,41.1548,47.7456,True,22.27626721907197
20260908_090822.jpg,branco,2.6117545401085795,65.18118970899397,39.79215580543531,159.4372212208853,26.48458824267198,1.908932434548226,49.0904,129.9684,128.6256,45.8312,45.6964,49.9412,True,18.7785523213533
20260908_090825.jpg,branco,2.4624875703139333,66.51250273900654,40.303321951988174,162.4787639063606,26.989827891422028,0.037674476214712,61.4536,131.0904,138.1992,43.0032,56.1232,67.79,True,3.116934651668714
20260908_090828.jpg,branco,2.3818732167581618,68.94413649374687,40.59243002373122,163.1630032846525,27.103488917716362,0.38329228783837793,56.756,131.0264,137.7188,39.3244,51.7584,63.0112,True,7.611789207004099
20260908_090830.jpg,branco,2.551611145849209,64.7311621059376,39.99451313061505,162.55319213072633,27.002191383841584,0.00811623645031158,68.3364,131.1272,138.2428,49.142,62.4152,74.2864,True,4.627393653842479
20260908_090833.jpg,branco,2.512942942343452,65.5275604586509,40.12715036442983,163.19421422717596,27.108673459663784,0.40249429505105166,74.0508,130.9788,138.256,54.48,67.8908,79.5356,True,10.157893705958974
20260908_090835.jpg,branco,2.620221259209708,62.2674287283504,39.764043656610724,162.6784679584866,27.023001322007744,0.08519008151016241,89.0128,130.9216,138.1124,68.5972,81.9036,93.5152,True,25.045628735322687
20260908_090837.jpg,branco,2.8840255816068368,57.27964330926862,38.930820920506264,162.2827370464958,26.957265290115586,0.15827670327560647,42.1264,130.656,133.2908,33.2168,39.262,47.7368,True,22.900044567663073
20260908_090839.jpg,branco,2.5575367564547893,64.82175184290712,39.97436526410843,161.81523796440996,26.87960763528405,0.44589764709611335,59.7888,131.0948,137.5224,42.5536,54.6524,66.0688,True,4.889134050709122
20260908_090841.jpg,branco,2.56026911661766,64.34044640564859,39.965090595218975,160.36090260726297,26.638023688914117,1.3406530040217877,67.8788,130.9528,137.4192,49.9652,62.1576,73.2864,True,4.601055267467271
20260908_090542.jpg,verde,5.007750204294452,29.489607339123587,34.13795028864838,166.61082964296173,27.67621754866474,2.5045094394990426,39.2848,130.57,127.9316,38.608,37.2836,42.4556,True,27.515867445768016
20260908_090546.jpg,verde,4.396446913607245,34.16177171919913,35.26876671420223,160.4958230906246,26.66043572933964,1.2576454468902258,55.1924,130.6592,135.172,41.1344,50.5012,59.3432,True,10.055981982023093
20260908_090549.jpg,verde,2.9898384594340213,49.74722976721681,38.617848641115586,164.2944866646031,27.291442967542046,1.0794183983038759,57.3032,131.384,140.4528,34.8264,51.758,64.57,True,6.759169325580189
20260908_090551.jpg,verde,4.778113127274125,31.082490320472544,34.545674859403825,162.89356068390424,27.058731010615325,0.21752226153824214,57.7024,131.4408,140.0612,35.86,52.174,64.936,True,6.3458448407421075
20260908_090553.jpg,verde,4.38887441530314,33.881001480688816,35.28374030366394,162.0943282325289,26.92596814493836,0.27419205578385475,78.1436,127.8048,149.3192,38.0496,72.0892,82.2532,True,17.24532389928523
20260908_090555.jpg,verde,3.776577588999466,39.11297675250799,36.58883507188979,162.23565535592132,26.949444411282613,0.18724292117550728,91.5252,124.2036,154.4696,40.7732,86.4216,91.8456,True,31.83446806311614
20260908_090558.jpg,verde,4.324570471895317,34.037942862846,35.41194380379246,162.58060446652908,27.006744927994866,0.02498121479580054,94.6296,123.0216,155.862,41.0428,89.928,93.6224,True,35.407652099353236
20260908_090600.jpg,verde,3.0567430114044694,48.88310968150812,38.425624584734436,163.52935564623442,27.164344791733296,0.6086844138270209,103.5872,120.9932,158.728,43.87,99.1516,100.2672,True,44.92384844431995
20260908_090603.jpg,verde,3.930770796839209,37.61826680987324,36.24124891047071,162.92482324261908,27.063924126680913,0.2367560247441221,70.0108,129.1444,145.7908,36.856,64.1204,75.2024,True,8.571958158722806
20260908_090605.jpg,verde,4.092817705978975,36.26851948832999,35.89035531725157,163.10446666997348,27.093765227570348,0.3472786206309177,75.11,128.0148,148.5336,36.6868,69.2808,79.4784,True,14.337937981275223
20260908_090608.jpg,verde,4.407877400461587,33.71645112784954,35.24621325196176,163.97643948359521,27.23861120989954,0.8837452218501419,71.9256,128.0592,148.3596,34.3948,66.5556,76.6504,True,11.914494845420903
